,Player,Age,Nationality,Club,Market value,Matches,Goals,Pens,Assists,YC,RC,pos,trophies,contract_period,free,image_url,feet
0,Erling Haaland,24,Norway,manchester city,€200.00m,48,39,0,5,2,0,Centre Forward,7,2021 - 2029,False,https://upload.wikimedia.org/wikipedia/commons/thumb/5/57/ManCity20240722-031_%28cropped%29.jpg/330px-ManCity20240722-031_%28cropped%29.jpg,right
1,Vinicius Junior,24,Brazil/Spain,real madrid,€200.00m,48,20,0,14,15,0,Left Winger,7,2021 - 2026,False,https://upload.wikimedia.org/wikipedia/commons/thumb/f/f3/Vinicius_Jr_2021.jpg/330px-Vinicius_Jr_2021.jpg,right
2,Lamine Yamal,17,Spain/Equatorial Guinea,fc barcelona,€180.00m,54,16,0,25,4,0,Right Winger,6,2024 - 2028,False,https://upload.wikimedia.org/wikipedia/commons/thumb/8/8d/Lamine_Yamal%2C_S%C3%A1nchez_se_reuni%C3%B3_con_los_futbolistas_de_la_selecci%C3%B3n_espa%C3%B1ola_tras_ganar_la_Eurocopa_2024_%283%29_%28cropped%29.jpg/320px-Lamine_Yamal%2C_S%C3%A1nchez_se_reuni%C3%B3_con_los_futbolistas_de_la_selecci%C3%B3n_espa%C3%B1ola_tras_ganar_la_Eurocopa_2024_%283%29_%28cropped%29.jpg,right
3,Jude Bellingham,21,England/Ireland,real madrid,€180.00m,53,14,0,17,12,0,Attacking Midfield,5,2022 - 2025,False,https://upload.wikimedia.org/wikipedia/commons/thumb/f/f9/25th_Laureus_World_Sports_Awards_-_Red_Carpet_-_Jude_Bellingham_-_240422_190551-2_%28cropped%29.jpg/330px-25th_Laureus_World_Sports_Awards_-_Red_Carpet_-_Jude_Bellingham_-_240422_190551-2_%28cropped%29.jpg,right
4,Kylian Mbappé,26,France/Cameroon,real madrid,€170.00m,54,33,0,4,5,0,Centre Forward,1,2021 - 2027,False,https://upload.wikimedia.org/wikipedia/commons/thumb/1/1e/Picture_with_Mbapp%C3%A9_%28cropped%29.jpg/330px-Picture_with_Mbapp%C3%A9_%28cropped%29.jpg,left
5,Bukayo Saka,23,England/Nigeria,fc arsenal,€150.00m,35,11,0,14,5,0,Right Winger,6,2022 - 2028,False,https://upload.wikimedia.org/wikipedia/commons/thumb/2/2e/Bukayo_Saka.jpg/330px-Bukayo_Saka.jpg,left
6,Florian Wirtz,21,Germany,bayer 04 leverkusen,€140.00m,48,18,0,16,9,0,Attacking Midfield,3,2020 - 2028,False,https://upload.wikimedia.org/wikipedia/commons/thumb/5/5d/Florian_Wirtz%2C_2022-07-31%2C_Saisoner%C3%B6ffnung_Bayer_04%2C_Leverkusen_%281%29_%28cropped%29.jpg/330px-Florian_Wirtz%2C_2022-07-31%2C_Saisoner%C3%B6ffnung_Bayer_04%2C_Leverkusen_%281%29_%28cropped%29.jpg,right
7,Jamal Musiala,22,Germany/England,fc bayern munchen,€140.00m,46,21,0,11,4,0,Attacking Midfield,1,2023 - 2029,False,https://upload.wikimedia.org/wikipedia/commons/thumb/4/44/Jamal_Musiala_2022_%28cropped%29.jpg/330px-Jamal_Musiala_2022_%28cropped%29.jpg,left
8,Cole Palmer,22,England,fc chelsea,€130.00m,43,14,0,10,6,0,Attacking Midfield,5,2020 - 2029,False,https://upload.wikimedia.org/wikipedia/commons/thumb/8/82/Cole_Palmer_%28Chelsea%29_vs_Leicester_City%2C_9th_March_2025_%28cropped%29.jpg/330px-Cole_Palmer_%28Chelsea%29_vs_Leicester_City%2C_9th_March_2025_%28cropped%29.jpg,left
9,Phil Foden,24,England,manchester city,€130.00m,45,10,0,7,2,0,Right Winger,0,2022 - 2025,False,https://upload.wikimedia.org/wikipedia/commons/6/68/Phil_Foden_2022-11-21_1.jpg,right
10,Federico Valverde,26,Uruguay/Spain,real madrid,€130.00m,53,9,0,8,4,0,Central Midfield,4,2020 - 2026,False,https://upload.wikimedia.org/wikipedia/commons/thumb/7/73/Federico_Valverde_2021_%28cropped%29.jpg/330px-Federico_Valverde_2021_%28cropped%29.jpg,left
12,Pedri,22,Spain,fc barcelona,€120.00m,61,6,0,8,2,0,Central Midfield,6,2023 - 2028,False,https://upload.wikimedia.org/wikipedia/commons/thumb/0/02/Pedri_-_Paris_SG_-_FC_Barcelone_2021.png/330px-Pedri_-_Paris_SG_-_FC_Barcelone_2021.png,left
13,Declan Rice,26,England/Ireland,fc arsenal,€110.00m,54,9,0,13,8,1,Central Midfield,3,2025 - 2026,False,https://upload.wikimedia.org/wikipedia/commons/thumb/3/3a/The_Prime_Minister_visits_St_George%27s_Park_on_October_10%2C_2023_%28cropped%29.jpg/330px-The_Prime_Minister_visits_St_George%27s_Park_on_October_10%2C_2023_%28cropped%29.jpg,left
14,Rodrygo,24,Brazil/Spain,real madrid,€100.00m,50,13,0,10,0,0,Right Winger,9,2025 - 2030,False,https://upload.wikimedia.org/wikipedia/commons/thumb/0/05/Rodrygo_2023_%28cropped%29.jpg/330px-Rodrygo_2023_%28cropped%29.jpg,right
15,Alexander Isak,25,Sweden/Eritrea,newcastle united,€100.00m,45,31,0,8,1,0,Centre Forward,5,2025 - 2028,False,https://upload.wikimedia.org/wikipedia/commons/thumb/0/00/UEFA_EURO_qualifiers_Sweden_vs_Spain_20191015_Alexander_Isak_56_%28cropped%29.jpg/330px-UEFA_EURO_qualifiers_Sweden_vs_Spain_20191015_Alexander_Isak_56_%28cropped%29.jpg,right
16,Martin Ødegaard,26,Norway,fc arsenal,€100.00m,44,5,0,14,4,0,Attacking Midfield,9,2023 - 2028,False,https://upload.wikimedia.org/wikipedia/commons/thumb/1/16/Arsenal_v_Everton_%281%29_%28cropped%29.jpg/330px-Arsenal_v_Everton_%281%29_%28cropped%29.jpg,left
17,Lautaro Martínez,27,Argentina,inter mailand,€95.00m,47,21,0,6,3,0,Centre Forward,10,2022 - 2029,False,https://upload.wikimedia.org/wikipedia/commons/thumb/5/55/ARGENTINA_VS_VENEZUELA_Lautaro_%28cropped%29.jpg/330px-ARGENTINA_VS_VENEZUELA_Lautaro_%28cropped%29.jpg,right
18,Julián Alvarez,25,Argentina/Italy,atletico madrid,€90.00m,50,27,0,5,5,0,Centre Forward,0,2025 - 2025,False,https://upload.wikimedia.org/wikipedia/commons/thumb/3/34/Juli%C3%A1n_%C3%81lvarez_%28footballer%29_2023.jpg/330px-Juli%C3%A1n_%C3%81lvarez_%28footballer%29_2023.jpg,left
19,Alexis Mac Allister,26,Argentina/Italy,fc liverpool,€90.00m,47,7,0,5,11,0,Central Midfield,7,2021 - 2028,False,https://upload.wikimedia.org/wikipedia/commons/thumb/4/49/Alexis_Mac_Allister_WC_2022.jpg/330px-Alexis_Mac_Allister_WC_2022.jpg,right
20,Harry Kane,31,England,fc bayern munchen,€90.00m,51,41,0,12,7,0,Centre Forward,3,2022 - 2028,False,https://upload.wikimedia.org/wikipedia/commons/thumb/9/91/Harry_Kane_on_October_10%2C_2023.jpg/330px-Harry_Kane_on_October_10%2C_2023.jpg,right
22,Moisés Caicedo,23,Ecuador,fc chelsea,€80.00m,40,1,0,4,12,0,Defensive Midfield,8,2023 - 2030,False,https://upload.wikimedia.org/wikipedia/commons/thumb/2/28/Moises_Caicedo_2022_%28cropped%29.jpg/330px-Moises_Caicedo_2022_%28cropped%29.jpg,left
23,Michael Olise,23,France/England,fc bayern munchen,€80.00m,53,15,0,19,3,0,Right Winger,8,2023 - 2029,False,https://upload.wikimedia.org/wikipedia/commons/thumb/0/0f/Olise_2022_crystal_palace.jpg/330px-Olise_2022_crystal_palace.jpg,left
24,Bruno Guimarães,27,Brazil/Spain,newcastle united,€80.00m,43,4,0,8,9,0,Defensive Midfield,0,2022 - 2025,False,https://upload.wikimedia.org/wikipedia/commons/thumb/8/8e/Bruno_Guimar%C3%A3es.png/330px-Bruno_Guimar%C3%A3es.png,right
25,Khvicha Kvaratskhelia,24,Georgia,fc paris saint germain,€80.00m,48,11,0,11,3,0,Left Winger,7,2024 - 2028,False,https://upload.wikimedia.org/wikipedia/commons/thumb/a/af/Kvaratskhelia_asse_psg_2425_%28cropped%29.png/330px-Kvaratskhelia_asse_psg_2425_%28cropped%29.png,right
26,William Saliba,24,France / Cameroon,fc arsenal,€80.00m,54,2,0,0,4,0,Centre Back,6,2024 - 2028,False,https://upload.wikimedia.org/wikipedia/commons/thumb/b/bf/Lens_-_Marseille_%2822-01-2022%29_15.jpg/330px-Lens_-_Marseille_%2822-01-2022%29_15.jpg,right
27,Dominik Szoboszlai,24,Hungary,fc liverpool,€80.00m,53,10,0,8,6,0,Central Midfield,4,2023 - 2028,False,https://upload.wikimedia.org/wikipedia/commons/thumb/2/2b/Dominik_Szoboszlai_in_2020.jpg/330px-Dominik_Szoboszlai_in_2020.jpg,right
28,Aurélien Tchouaméni,25,France / Cameroon,real madrid,€80.00m,51,2,0,1,10,1,Defensive Midfield,7,2021 - 2026,False,https://upload.wikimedia.org/wikipedia/commons/thumb/d/d1/Aur%C3%A9lien_Tchouam%C3%A9ni.jpg/330px-Aur%C3%A9lien_Tchouam%C3%A9ni.jpg,right
29,Raphinha,28,Brazil / Italy,fc barcelona,€80.00m,51,30,0,25,7,0,Left Winger,7,2020 - 2027,False,https://upload.wikimedia.org/wikipedia/commons/thumb/a/ab/Raphinha_WC2022.jpg/330px-Raphinha_WC2022.jpg,left
30,Alessandro Bastoni,26,Italy,inter mailand,€80.00m,57,1,0,5,9,1,Centre Back,5,2020 - 2030,False,https://upload.wikimedia.org/wikipedia/commons/9/9b/FC_Salzburg_gegen_Inter_Mailand_%28Testspiel_2023-08-09%29_46_%28cropped%29.jpg,left
31,Nicolò Barella,28,Italy,inter mailand,€80.00m,51,3,0,8,8,0,Central Midfield,10,2021 - 2030,False,https://upload.wikimedia.org/wikipedia/commons/thumb/0/08/Nicol%C3%B2_Barella_in_2021_%28cropped%29.jpg/330px-Nicol%C3%B2_Barella_in_2021_%28cropped%29.jpg,left
32,Enzo Fernández,24,Argentina,fc chelsea,€75.00m,41,6,0,13,8,0,Central Midfield,9,2023 - 2028,False,https://upload.wikimedia.org/wikipedia/commons/thumb/d/df/Enzo_Fern%C3%A1ndez_WC2022.jpg/330px-Enzo_Fern%C3%A1ndez_WC2022.jpg,left
33,Josko Gvardiol,23,Croatia,manchester city,€75.00m,56,7,0,2,4,0,Left Back,1,2022 - 2030,False,https://upload.wikimedia.org/wikipedia/commons/thumb/3/34/2021_Jo%C5%A1ko_Gvardiol_2_%28cropped2%29.jpg/330px-2021_Jo%C5%A1ko_Gvardiol_2_%28cropped2%29.jpg,right
34,Omar Marmoush,26,Egypt / Canada,manchester city,€75.00m,47,28,0,17,3,0,Centre Forward,1,2020 - 2026,False,https://upload.wikimedia.org/wikipedia/commons/thumb/0/09/OmarMarmoush.png/330px-OmarMarmoush.png,right
35,Gabriel Magalhães,27,Brazil,fc arsenal,€75.00m,42,5,0,3,6,0,Centre Back,4,2021 - 2029,False,https://upload.wikimedia.org/wikipedia/commons/thumb/0/0d/GabrielLille2019.png/330px-GabrielLille2019.png,left
36,Rafael Leão,25,Portugal / Angola,ac mailand,€75.00m,55,12,0,14,6,0,Left Winger,2,2025 - 2026,False,https://upload.wikimedia.org/wikipedia/commons/thumb/0/02/RafaelLe%C3%A3oPortugal23.jpg/330px-RafaelLe%C3%A3oPortugal23.jpg,right
37,Viktor Gyökeres,26,Sweden / Hungary,sporting lissabon,€75.00m,54,61,0,16,5,0,Centre Forward,9,2024 - 2026,False,https://upload.wikimedia.org/wikipedia/commons/thumb/c/ce/Viktor_Gy%C3%B6keres_2018.jpg/330px-Viktor_Gy%C3%B6keres_2018.jpg,right
38,Marcus Thuram,27,France / Guadeloupe,inter mailand,€75.00m,50,18,0,9,2,0,Centre Forward,4,2025 - 2027,False,https://upload.wikimedia.org/wikipedia/commons/thumb/6/69/Marcus_Thuram_in_2023.jpg/330px-Marcus_Thuram_in_2023.jpg,right
39,Trent Alexander Arnold,26,England,fc liverpool,€75.00m,45,5,0,9,5,0,Right Back,6,2025 - 2025,False,https://upload.wikimedia.org/wikipedia/commons/5/5d/Trent_Alexander-Arnold_2018_%28cropped%29.jpg,right
40,Ousmane Dembélé,27,France,fc paris saint germain,€75.00m,51,35,0,12,1,1,Right Winger,7,2021 - 2030,False,https://upload.wikimedia.org/wikipedia/commons/thumb/4/4a/Ousmane_Demb%C3%A9l%C3%A9_2018_%28cropped%29.jpg/330px-Ousmane_Demb%C3%A9l%C3%A9_2018_%28cropped%29.jpg,right
42,Nico Williams,22,Spain / Ghana,athletic bilbao,€70.00m,50,12,0,7,2,0,Left Winger,3,2024 - 2029,False,https://upload.wikimedia.org/wikipedia/commons/thumb/1/1d/ATHLETIC-OSASUNA_SEMIFINAL._MAIDER_GOIKOETXEA_%28168%29_%28cropped%29.jpg/330px-ATHLETIC-OSASUNA_SEMIFINAL._MAIDER_GOIKOETXEA_%28168%29_%28cropped%29.jpg,left
43,Bradley Barcola,22,France / Togo,fc paris saint germain,€70.00m,60,20,0,17,4,0,Left Winger,2,2024 - 2030,False,https://upload.wikimedia.org/wikipedia/commons/thumb/8/84/Bradley_Barcola_vs_MHSC_7_May_2023.png/330px-Bradley_Barcola_vs_MHSC_7_May_2023.png,right
45,Eduardo Camavinga,22,Colombia,real madrid,€70.00m,39,3,0,2,9,1,Central Midfield,2,2024 - 2026,False,https://upload.wikimedia.org/wikipedia/commons/thumb/0/05/Ofrenda_de_la_Liga_y_la_Champions-13-L.Mill%C3%A1n_%2852109790215%29_%28cropped%29.jpg/330px-Ofrenda_de_la_Liga_y_la_Champions-13-L.Mill%C3%A1n_%2852109790215%29_%28cropped%29.jpg,left
46,Xavi Simons,22,Egypt / Canada,rasenballsport leipzig,€70.00m,36,12,0,7,7,0,Attacking Midfield,2,2024 - 2025,False,https://upload.wikimedia.org/wikipedia/commons/thumb/6/6d/Xavi_Simons%2C_Nick_Verhagen_in_duel_met_Xavi_Simons.jpg/330px-Xavi_Simons%2C_Nick_Verhagen_in_duel_met_Xavi_Simons.jpg,right
47,Ryan Gravenberch,22,England,fc liverpool,€70.00m,52,0,0,5,6,0,Defensive Midfield,6,2021 - 2026,False,https://upload.wikimedia.org/wikipedia/commons/thumb/3/3e/2022-07-30_Fu%C3%9Fball%2C_M%C3%A4nner%2C_DFL-Supercup%2C_RB_Leipzig_-_FC_Bayern_M%C3%BCnchen_1DX_3342_by_Stepro_%28cropped%29.jpg/330px-2022-07-30_Fu%C3%9Fball%2C_M%C3%A4nner%2C_DFL-Supercup%2C_RB_Leipzig_-_FC_Bayern_M%C3%BCnchen_1DX_3342_by_Stepro_%28cropped%29.jpg,right
48,Cody Gakpo,25,Brazil/Spain,fc liverpool,€70.00m,53,20,0,7,6,0,Left Winger,9,2021 - 2027,False,https://upload.wikimedia.org/wikipedia/commons/thumb/4/4f/Cody_Gakpo_06042025_%282%29_%28cropped%29.jpg/330px-Cody_Gakpo_06042025_%282%29_%28cropped%29.jpg,right
49,Victor Osimhen,26,Spain,galatasaray istanbul,€70.00m,40,33,0,8,7,0,Centre Forward,5,2023 - 2029,False,https://upload.wikimedia.org/wikipedia/commons/thumb/c/c0/0K8A7984_%2853451306826%29_%28cropped%29.jpg/330px-0K8A7984_%2853451306826%29_%28cropped%29.jpg,right
50,Kai Havertz,25,Brazil / Italy,fc arsenal,€70.00m,38,17,0,7,6,0,Centre Forward,6,2021 - 2027,False,https://upload.wikimedia.org/wikipedia/commons/thumb/e/e8/2019-06-11_Fu%C3%9Fball%2C_M%C3%A4nner%2C_L%C3%A4nderspiel%2C_Deutschland-Estland_StP_2059_LR10_by_Stepro.jpg/330px-2019-06-11_Fu%C3%9Fball%2C_M%C3%A4nner%2C_L%C3%A4nderspiel%2C_Deutschland-Estland_StP_2059_LR10_by_Stepro.jpg,left
51,Rúben Dias,27,Spain,manchester city,€70.00m,42,0,1,0,8,0,Centre Back,10,2025 - 2028,False,https://upload.wikimedia.org/wikipedia/commons/thumb/e/ea/RubenDiasPortugal.jpg/330px-RubenDiasPortugal.jpg,left
52,João Neves,20,Norway,fc paris saint germain,€65.00m,52,5,0,9,5,0,Defensive Midfield,3,2023 - 2026,False,https://upload.wikimedia.org/wikipedia/commons/thumb/4/44/Neves_asse_psg_2425.png/330px-Neves_asse_psg_2425.png,left
53,Benjamin Sesko,21,England,rasenballsport leipzig,€65.00m,50,25,0,6,1,1,Centre Forward,8,2022 - 2027,False,https://upload.wikimedia.org/wikipedia/commons/thumb/a/a8/FC_RB_Salzburg_gegen_LASK_%282023-04-16%29_21_%28cropped%29.jpg/330px-FC_RB_Salzburg_gegen_LASK_%282023-04-16%29_21_%28cropped%29.jpg,right
55,Achraf Hakimi,26,France / Togo,fc paris saint germain,€65.00m,49,7,0,15,7,0,Right Back,6,2025 - 2030,False,https://upload.wikimedia.org/wikipedia/commons/thumb/f/f2/FC_Salzburg_gegen_Paris_Saint-Germain_UEFA_Champions_League_58.jpg/330px-FC_Salzburg_gegen_Paris_Saint-Germain_UEFA_Champions_League_58.jpg,left
56,Désiré Doué,19,Spain,fc paris saint germain,€60.00m,51,13,0,12,1,0,Left Winger,9,2023 - 2025,False,https://upload.wikimedia.org/wikipedia/commons/thumb/4/4f/Doue_asse_psg_2425.png/330px-Doue_asse_psg_2425.png,left
58,Alejandro Balde,21,Brazil/Spain,fc barcelona,€60.00m,43,1,0,10,4,0,Left Back,2,2023 - 2029,False,https://upload.wikimedia.org/wikipedia/commons/thumb/9/93/Esapana-inglaterra-74_%2848899354493%29.jpg/330px-Esapana-inglaterra-74_%2848899354493%29.jpg,left
59,Oihan Sancet,25,Argentina/Italy,athletic bilbao,€60.00m,32,17,0,3,4,0,Attacking Midfield,10,2024 - 2029,False,https://upload.wikimedia.org/wikipedia/commons/thumb/2/2a/ATHLETIC_-_OSASUNA_%282%29.jpg/330px-ATHLETIC_-_OSASUNA_%282%29.jpg,left
61,Dejan Kulusevski,25,Germany,tottenham hotspur,€60.00m,53,12,0,12,5,0,Attacking Midfield,7,2021 - 2025,False,https://upload.wikimedia.org/wikipedia/commons/thumb/2/2f/Sweden-Slovenia_Nations_League_2022-09-27_17_Kulusevski_%28cropped%29.jpg/330px-Sweden-Slovenia_Nations_League_2022-09-27_17_Kulusevski_%28cropped%29.jpg,left
62,Martín Zubimendi,26,Croatia,real sociedad san sebastian,€60.00m,50,3,0,2,10,0,Defensive Midfield,10,2020 - 2027,False,https://upload.wikimedia.org/wikipedia/commons/thumb/3/3e/Mart%C3%ADn_Zubimendi_in_2023.jpg/330px-Mart%C3%ADn_Zubimendi_in_2023.jpg,left
63,Jules Koundé,26,Hungary,fc barcelona,€60.00m,61,4,0,8,6,0,Right Back,4,2025 - 2030,False,https://upload.wikimedia.org/wikipedia/commons/thumb/b/bd/Jules_Kound%C3%A9_2020.jpg/330px-Jules_Kound%C3%A9_2020.jpg,left
65,Loïs Openda,25,France/England,rasenballsport leipzig,€60.00m,48,14,0,13,6,1,Centre Forward,3,2022 - 2028,False,https://upload.wikimedia.org/wikipedia/commons/thumb/6/6e/Lens_-_Reims_%2812-05-2023%29_32_%28cropped%29.jpg/330px-Lens_-_Reims_%2812-05-2023%29_32_%28cropped%29.jpg,right
66,Ibrahima Konaté,25,Germany/England,fc liverpool,€60.00m,45,2,0,2,9,0,Centre Back,1,2021 - 2030,False,https://upload.wikimedia.org/wikipedia/commons/thumb/c/c3/Ibrahima_Konat%C3%A9_in_2021.jpg/330px-Ibrahima_Konat%C3%A9_in_2021.jpg,right
67,Dani Olmo,26,Argentina,fc barcelona,€60.00m,37,10,0,7,1,0,Attacking Midfield,9,2025 - 2028,False,https://upload.wikimedia.org/wikipedia/commons/thumb/e/e0/Dani_Olmo_2022.jpg/330px-Dani_Olmo_2022.jpg,left
68,Federico Dimarco,27,Spain,inter mailand,€60.00m,48,5,0,15,4,0,Left Back,0,2022 - 2027,False,https://upload.wikimedia.org/wikipedia/commons/thumb/7/7e/FC_Salzburg_gegen_Inter_Mailand_%28Testspiel_2023-08-09%29_73_-_Federico_Dimarco_%28cropped%29.jpg/330px-FC_Salzburg_gegen_Inter_Mailand_%28Testspiel_2023-08-09%29_73_-_Federico_Dimarco_%28cropped%29.jpg,right
71,Leny Yoro,19,Georgia,manchester united,€55.00m,29,1,0,0,7,0,Centre Back,7,2020 - 2027,False,https://upload.wikimedia.org/wikipedia/commons/thumb/a/a2/RC_Lens_-_Lille_OSC_%2808-10-2023%29_12_%28cropped1%29.jpg/330px-RC_Lens_-_Lille_OSC_%2808-10-2023%29_12_%28cropped1%29.jpg,right
72,Ethan Nwaneri,18,Brazil/Spain,fc arsenal,€55.00m,46,16,0,3,2,0,Right Winger,9,2024 - 2029,False,https://upload.wikimedia.org/wikipedia/commons/thumb/c/cd/Ethan_Nwaneri.png/330px-Ethan_Nwaneri.png,right
76,Hugo Ekitiké,22,Sweden / Hungary,eintracht frankfurt,€55.00m,47,25,0,10,3,0,Centre Forward,6,2023 - 2027,False,https://upload.wikimedia.org/wikipedia/commons/thumb/a/ac/Hugo_Ekitike_%28PSG_2023%29.jpg/330px-Hugo_Ekitike_%28PSG_2023%29.jpg,right
77,Gabriel Martinelli,23,Brazil/Spain,fc arsenal,€55.00m,46,9,0,6,3,0,Left Winger,7,2020 - 2030,False,https://upload.wikimedia.org/wikipedia/commons/thumb/d/d4/Gabriel_Martinelli_2020.jpg/330px-Gabriel_Martinelli_2020.jpg,left
79,Levi Colwill,22,Norway,fc chelsea,€55.00m,36,1,0,1,9,0,Centre Back,2,2025 - 2027,False,https://upload.wikimedia.org/wikipedia/commons/thumb/e/e4/Levi_Colwill_%28cropped%29.png/330px-Levi_Colwill_%28cropped%29.png,right
80,Micky van de Ven,24,England,tottenham hotspur,€55.00m,21,0,0,2,4,0,Centre Back,6,2021 - 2026,False,https://upload.wikimedia.org/wikipedia/commons/thumb/3/3f/Micky_Van_De_Ven_pre-match_training_%28cropped%29.jpg/330px-Micky_Van_De_Ven_pre-match_training_%28cropped%29.jpg,right
81,Matheus Cunha,25,Brazil/Spain,wolverhampton wanderers,€55.00m,32,17,0,6,2,0,Centre Forward,3,2024 - 2028,False,https://upload.wikimedia.org/wikipedia/commons/thumb/0/04/Matheus_Cunha_%28cropped%29_20180920_Fussball%2C_UEFA_Europa_League%2C_RB_Leipzig_-_FC_Salzburg_by_Stepro_StP_7968_%28cropped%29.jpg/330px-Matheus_Cunha_%28cropped%29_20180920_Fussball%2C_UEFA_Europa_League%2C_RB_Leipzig_-_FC_Salzburg_by_Stepro_StP_7968_%28cropped%29.jpg,left
82,Jérémy Doku,22,Colombia,manchester city,€55.00m,38,6,0,10,1,0,Left Winger,6,2021 - 2025,False,https://upload.wikimedia.org/wikipedia/commons/d/dc/J%C3%A9r%C3%A9my_Doku.png,right
83,Amadou Onana,23,Croatia,aston villa,€55.00m,33,5,0,0,5,0,Defensive Midfield,8,2022 - 2029,False,https://upload.wikimedia.org/wikipedia/commons/thumb/2/24/RC_Lens_-_Lille_OSC_%2817-09-2021%29_9_%28cropped%29.jpg/330px-RC_Lens_-_Lille_OSC_%2817-09-2021%29_9_%28cropped%29.jpg,right
84,Eberechi Eze,26,Brazil/Spain,crystal palace,€55.00m,41,10,0,11,1,0,Attacking Midfield,3,2020 - 2028,False,https://upload.wikimedia.org/wikipedia/commons/thumb/9/9f/Qpr2018eberechieeze001.jpg/330px-Qpr2018eberechieeze001.jpg,left
86,Bruno Fernandes,30,Norway,manchester united,€55.00m,59,21,0,21,7,2,Attacking Midfield,10,2023 - 2027,False,https://upload.wikimedia.org/wikipedia/commons/thumb/e/ee/Bruno_Fernandes_Portugal%2C_2018.jpg/330px-Bruno_Fernandes_Portugal%2C_2018.jpg,left
87,Mohamed Salah,32,Egypt / Canada,fc liverpool,€55.00m,51,35,0,23,1,0,Right Winger,3,2020 - 2028,False,https://upload.wikimedia.org/wikipedia/commons/thumb/4/4a/Mohamed_Salah_2018.jpg/330px-Mohamed_Salah_2018.jpg,right
93,Piero Hincapié,23,Ecuador,bayer 04 leverkusen,€50.00m,42,3,0,2,8,1,Centre Back,8,2023 - 2030,False,https://upload.wikimedia.org/wikipedia/commons/thumb/2/27/Piero_Hincapi%C3%A9%2C_2022-07-31%2C_Saisoner%C3%B6ffnung_Bayer_04%2C_Leverkusen_%281%29.jpg/330px-Piero_Hincapi%C3%A9%2C_2022-07-31%2C_Saisoner%C3%B6ffnung_Bayer_04%2C_Leverkusen_%281%29.jpg,left
96,Castello Lukeba,22,Italy,rasenballsport leipzig,€50.00m,31,0,1,0,7,0,Centre Back,7,2022 - 2025,False,https://upload.wikimedia.org/wikipedia/commons/4/4d/Castello_Lukeba_in_2022.png,right
98,Álex Baena,23,Brazil / Italy,fc villarreal,€50.00m,32,7,0,8,8,0,Left Winger,6,2025 - 2030,False,https://upload.wikimedia.org/wikipedia/commons/thumb/1/16/%C3%81lex_Baena_2019.jpg/330px-%C3%81lex_Baena_2019.jpg,right
99,Darwin Núñez,25,England/Ireland,fc liverpool,€50.00m,43,7,0,7,9,0,Centre Forward,6,2024 - 2026,False,https://upload.wikimedia.org/wikipedia/commons/thumb/1/11/Darwin_N%C3%BA%C3%B1ez_%28cropped%29.jpg/330px-Darwin_N%C3%BA%C3%B1ez_%28cropped%29.jpg,left
100,Mohammed Kudus,24,Colombia,west ham united,€50.00m,37,4,0,4,3,0,Right Winger,8,2024 - 2026,False,https://upload.wikimedia.org/wikipedia/commons/thumb/e/ef/Mohammed_Kudus_of_West_Ham_United.jpeg/330px-Mohammed_Kudus_of_West_Ham_United.jpeg,right
103,Pedro Neto,25,Argentina/Italy,fc chelsea,€50.00m,45,7,0,7,9,0,Right Winger,5,2025 - 2029,False,https://upload.wikimedia.org/wikipedia/commons/thumb/a/a4/Pedro_Neto_%28cropped%29_WWFC_vs_Brighton_%26_Hove_Albion_4.3.2022_%281%29.jpg/330px-Pedro_Neto_%28cropped%29_WWFC_vs_Brighton_%26_Hove_Albion_4.3.2022_%281%29.jpg,left
105,Ronald Araujo,26,Norway,fc barcelona,€50.00m,21,2,1,2,2,0,Centre Back,8,2024 - 2027,False,https://upload.wikimedia.org/wikipedia/commons/thumb/3/3f/FC_Red_Bull_Salzburg_gegen_CF_Barcelona_%28Testspiel_4._August_2021%29_45_%28cropped%29.jpg/330px-FC_Red_Bull_Salzburg_gegen_CF_Barcelona_%28Testspiel_4._August_2021%29_45_%28cropped%29.jpg,left
107,Brennan Johnson,23,France / Togo,tottenham hotspur,€50.00m,54,19,0,8,10,0,Right Winger,3,2020 - 2026,False,https://upload.wikimedia.org/wikipedia/commons/1/10/Brennan_Johnson_WC2022.jpg,right
108,Tijjani Reijnders,26,England/Ireland,ac mailand,€50.00m,56,18,0,6,4,0,Central Midfield,3,2023 - 2026,False,https://upload.wikimedia.org/wikipedia/commons/thumb/5/5b/Reijnders_arriva_in_albergo_%28cropped%29.jpg/330px-Reijnders_arriva_in_albergo_%28cropped%29.jpg,left
111,Alphonso Davies,24,Spain,fc bayern munchen,€50.00m,36,3,0,4,1,0,Left Back,7,2022 - 2027,False,https://upload.wikimedia.org/wikipedia/commons/thumb/f/ff/Alphonso_Davies_in_2022.jpg/330px-Alphonso_Davies_in_2022.jpg,right
112,Jurrien Timber,23,France / Cameroon,fc arsenal,€50.00m,50,2,0,4,10,0,Right Back,1,2025 - 2027,False,https://upload.wikimedia.org/wikipedia/commons/thumb/d/dc/GAE_-_Ajax_-_52788075131_%28Jurri%C3%ABn_Timber%29.jpg/330px-GAE_-_Ajax_-_52788075131_%28Jurri%C3%ABn_Timber%29.jpg,left
113,Bryan Mbeumo,25,Spain,fc brentford,€50.00m,42,19,0,7,3,0,Right Winger,6,2021 - 2029,False,https://upload.wikimedia.org/wikipedia/commons/thumb/7/74/Bryan_Mbeumo_2018.jpg/330px-Bryan_Mbeumo_2018.jpg,left
114,Dayot Upamecano,26,Argentina,fc bayern munchen,€50.00m,37,2,0,1,9,0,Centre Back,6,2022 - 2026,False,https://upload.wikimedia.org/wikipedia/commons/thumb/3/3b/2022-07-30_Fu%C3%9Fball%2C_M%C3%A4nner%2C_DFL-Supercup%2C_RB_Leipzig_-_FC_Bayern_M%C3%BCnchen_1DX_3244_by_Stepro_%28cropped%29.jpg/330px-2022-07-30_Fu%C3%9Fball%2C_M%C3%A4nner%2C_DFL-Supercup%2C_RB_Leipzig_-_FC_Bayern_M%C3%BCnchen_1DX_3244_by_Stepro_%28cropped%29.jpg,left
116,Ollie Watkins,29,Brazil/Spain,aston villa,€50.00m,53,17,0,15,2,0,Centre Forward,4,2025 - 2030,False,https://upload.wikimedia.org/wikipedia/commons/thumb/e/e1/Manchester_United_v_Aston_Villa%2C_25_September_2021_%2817%29_%28cropped%29.jpg/330px-Manchester_United_v_Aston_Villa%2C_25_September_2021_%2817%29_%28cropped%29.jpg,right
117,Christian Pulisic,26,Brazil/Spain,ac mailand,€50.00m,52,18,0,13,4,0,Right Winger,6,2022 - 2025,False,https://upload.wikimedia.org/wikipedia/commons/thumb/9/9b/2022_FIFA_World_Cup_United_States_1%E2%80%931_Wales_-_%2819%29_%28Crop%29.png/330px-2022_FIFA_World_Cup_United_States_1%E2%80%931_Wales_-_%2819%29_%28Crop%29.png,right
118,James Maddison,28,France / Guadeloupe,tottenham hotspur,€50.00m,45,12,0,11,8,0,Attacking Midfield,6,2021 - 2026,False,https://upload.wikimedia.org/wikipedia/commons/thumb/9/92/James_Maddison_pre-match_training_%28cropped%29.jpg/330px-James_Maddison_pre-match_training_%28cropped%29.jpg,left
119,Marcus Rashford,27,Germany,aston villa,€50.00m,43,11,0,9,4,0,Left Winger,0,2022 - 2028,False,https://upload.wikimedia.org/wikipedia/commons/thumb/1/11/Marcus_Rashford_in_2023.jpg/330px-Marcus_Rashford_in_2023.jpg,left
120,Joshua Kimmich,30,Sweden/Eritrea,fc bayern munchen,€50.00m,55,4,0,16,7,0,Defensive Midfield,0,2025 - 2030,False,https://upload.wikimedia.org/wikipedia/commons/thumb/3/32/2019-06-11_Fu%C3%9Fball%2C_M%C3%A4nner%2C_L%C3%A4nderspiel%2C_Deutschland-Estland_StP_2078_LR10_by_Stepro.jpg/330px-2019-06-11_Fu%C3%9Fball%2C_M%C3%A4nner%2C_L%C3%A4nderspiel%2C_Deutschland-Estland_StP_2078_LR10_by_Stepro.jpg,right
122,Arda Güler,20,England/Ireland,real madrid,€45.00m,44,6,0,9,3,0,Right Winger,5,2020 - 2026,False,https://upload.wikimedia.org/wikipedia/commons/2/26/Derbide_Fenerbah%C3%A7e_Yedek_Oyuncu_Arda_G%C3%BCler_%282021-22_S%C3%BCper_Lig_-_Cropped%29.jpg,right
123,Kenan Yıldız,19,France / Guadeloupe,juventus turin,€45.00m,53,9,0,7,5,0,Left Winger,0,2020 - 2025,False,https://upload.wikimedia.org/wikipedia/commons/thumb/7/7a/Kenan_Yildiz.jpg/330px-Kenan_Yildiz.jpg,right
124,Alejandro Garnacho,20,France / Togo,manchester united,€45.00m,53,10,0,9,4,0,Attacking Midfield,7,2023 - 2025,False,https://upload.wikimedia.org/wikipedia/commons/thumb/a/ab/Alejandro_Garnacho_7_August_2022_%28cropped%29.jpg/330px-Alejandro_Garnacho_7_August_2022_%28cropped%29.jpg,right
125,Willian Pacho,23,Argentina/Italy,fc paris saint germain,€45.00m,48,0,1,2,2,0,Centre Back,1,2023 - 2027,False,https://upload.wikimedia.org/wikipedia/commons/thumb/a/a4/Pacho_asse_psg_2425.png/330px-Pacho_asse_psg_2425.png,left
126,Victor Boniface,24,Spain,bayer 04 leverkusen,€45.00m,32,11,0,2,4,0,Centre Forward,9,2022 - 2025,False,https://upload.wikimedia.org/wikipedia/commons/thumb/5/52/Boniface_%28cropped%29.jpg/330px-Boniface_%28cropped%29.jpg,left
127,Rasmus Højlund,22,Norway,manchester united,€45.00m,53,10,0,4,2,0,Centre Forward,2,2021 - 2025,False,https://upload.wikimedia.org/wikipedia/commons/d/d3/Rasmus_H%C3%B8jlund_with_a_fan.jpg,left
130,Gonçalo Ramos,25,Brazil/Spain,fc paris saint germain,€45.00m,52,3,0,10,6,0,Centre Forward,7,2021 - 2030,False,https://upload.wikimedia.org/wikipedia/commons/thumb/e/e0/Gon%C3%A7alo_In%C3%A1cio_2021.png/330px-Gon%C3%A7alo_In%C3%A1cio_2021.png,right
131,Gonçalo Inácio,23,Sweden/Eritrea,sporting lissabon,€45.00m,36,16,0,5,1,0,Centre Back,6,2023 - 2029,False,https://upload.wikimedia.org/wikipedia/commons/thumb/e/ee/Jonathan_David_asse_losc_2425_%28cropped%29.jpg/330px-Jonathan_David_asse_losc_2425_%28cropped%29.jpg,right
132,Jonathan David,23,Argentina,losc lille,€45.00m,41,6,0,3,7,0,Centre Forward,5,2023 - 2030,False,https://upload.wikimedia.org/wikipedia/commons/thumb/9/90/Kaoru_Mitoma_%282022%29.jpg/330px-Kaoru_Mitoma_%282022%29.jpg,right
134,Min jae Kim,27,England/Ireland,fc bayern munchen,€45.00m,38,10,0,3,1,0,Centre Back,9,2021 - 2027,False,https://upload.wikimedia.org/wikipedia/commons/thumb/6/61/Lisandro_Martinez_2022.jpg/330px-Lisandro_Martinez_2022.jpg,right
135,Lisandro Martínez,28,France / Cameroon,manchester united,€45.00m,43,3,0,0,4,0,Centre Back,8,2021 - 2030,False,https://upload.wikimedia.org/wikipedia/commons/6/64/MortenHjulmandSporting24.jpg,left
136,Morten Hjulmand,27,Argentina,sporting lissabon,€45.00m,32,2,0,2,9,0,Defensive Midfield,2,2023 - 2029,False,https://upload.wikimedia.org/wikipedia/commons/thumb/f/ff/SandroTonali2022Salzburg.jpg/330px-SandroTonali2022Salzburg.jpg,right
137,Sandro Tonali,25,Ecuador,newcastle united,€45.00m,51,3,0,2,16,1,Central Midfield,7,2023 - 2026,False,https://upload.wikimedia.org/wikipedia/commons/thumb/6/64/Marc_Guehi_December_2018.jpg/330px-Marc_Guehi_December_2018.jpg,right
138,Marc Guéhi,24,Brazil/Spain,crystal palace,€45.00m,49,7,0,5,6,0,Centre Back,1,2021 - 2029,False,https://upload.wikimedia.org/wikipedia/commons/thumb/f/f0/Lens_-_Torino_FC_%2802-08-2023%29_47_%28cropped%29.jpg/330px-Lens_-_Torino_FC_%2802-08-2023%29_47_%28cropped%29.jpg,right
139,Alessandro Buongiorno,24,Germany/England,ssc neapel,€45.00m,47,3,3,3,8,1,Centre Back,4,2021 - 2030,False,https://upload.wikimedia.org/wikipedia/commons/thumb/9/97/RC_Lens_-_Lille_OSC_%2817-09-2021%29_65.jpg/330px-RC_Lens_-_Lille_OSC_%2817-09-2021%29_65.jpg,left
140,Sven Botman,25,Spain / Ghana,newcastle united,€45.00m,29,1,0,0,3,0,Centre Back,8,2024 - 2027,False,https://upload.wikimedia.org/wikipedia/commons/d/d9/Incontro_con_le_squadre_finaliste_della_Coppa_Italia_di_calcio_Frecciarossa_Atalanta_-_Juventus_05_%28Du%C5%A1an_Vlahovi%C4%87%29.jpg,left
141,Dušan Vlahović,25,France,juventus turin,€45.00m,7,0,0,0,1,0,Centre Forward,1,2024 - 2029,False,https://upload.wikimedia.org/wikipedia/commons/thumb/3/33/Christopher_Nkunku_2021.jpg/330px-Christopher_Nkunku_2021.jpg,right
142,Christopher Nkunku,25,Spain,fc chelsea,€45.00m,42,15,0,6,4,0,Centre Forward,2,2024 - 2025,False,https://upload.wikimedia.org/wikipedia/commons/thumb/d/d5/Diogo_Jota_2021_%28cropped%29.jpg/330px-Diogo_Jota_2021_%28cropped%29.jpg,left
143,Diogo Jota,27,France/England,fc liverpool,€45.00m,46,15,0,5,2,0,Centre Forward,8,2024 - 2029,False,https://upload.wikimedia.org/wikipedia/commons/4/42/%D0%9C%D0%B0%D1%82%D1%87_%C2%AB%D0%94%D0%B8%D0%BD%D0%B0%D0%BC%D0%BE%C2%BB_-_%C2%AB%D0%91%D0%B0%D1%80%D1%81%D0%B5%D0%BB%D0%BE%D0%BD%D0%B0%C2%BB_0-1._2_%D0%BD%D0%BE%D1%8F%D0%B1%D1%80%D1%8F_2021_%D0%B3%D0%BE%D0%B4%D0%B0._II_%E2%80%94_1289671_%28cropped%29.jpg,left
144,Frenkie de Jong,28,Spain / Ghana,fc barcelona,€45.00m,39,9,0,5,4,0,Central Midfield,9,2024 - 2028,False,https://upload.wikimedia.org/wikipedia/commons/thumb/2/24/JarrodBowen2023.jpeg/330px-JarrodBowen2023.jpeg,right
145,Jarrod Bowen,27,Italy,west ham united,€45.00m,43,2,0,2,7,0,Right Winger,7,2023 - 2026,False,https://upload.wikimedia.org/wikipedia/commons/thumb/5/5a/FC_Salzburg_gegen_Manchester_City_FC_%28U19_8._Februar_2017%29_10.jpg/330px-FC_Salzburg_gegen_Manchester_City_FC_%28U19_8._Februar_2017%29_10.jpg,right
146,Brahim Díaz,28,England,real madrid,€45.00m,38,11,0,9,0,0,Right Winger,2,2025 - 2025,False,https://upload.wikimedia.org/wikipedia/commons/thumb/d/d4/Dominic_Solanke_YouTube_2024.png/330px-Dominic_Solanke_YouTube_2024.png,right
147,Dominic Solanke,25,England,tottenham hotspur,€45.00m,52,13,0,7,1,0,Centre Forward,8,2024 - 2025,False,https://upload.wikimedia.org/wikipedia/commons/thumb/c/cf/Bernardo_Silva_%28Isto_%C3%89_Gozar_Com_Quem_Trabalha%2C_2024%29.png/330px-Bernardo_Silva_%28Isto_%C3%89_Gozar_Com_Quem_Trabalha%2C_2024%29.png,right
148,Bernardo Silva,27,Spain,manchester city,€45.00m,43,14,1,8,0,0,Attacking Midfield,10,2021 - 2030,False,https://upload.wikimedia.org/wikipedia/commons/thumb/d/d6/Dean_Huijsen_2024.jpg/330px-Dean_Huijsen_2024.jpg,right
149,Dean Huijsen,30,Egypt / Canada,afc bournemouth,€45.00m,51,5,0,4,10,0,Centre Back,1,2023 - 2027,False,https://upload.wikimedia.org/wikipedia/commons/thumb/0/08/%C3%89quipe_football_ivoirien_03_%28Ousmane_Diomande%29.jpg/330px-%C3%89quipe_football_ivoirien_03_%28Ousmane_Diomande%29.jpg,right
152,Hugo Larsson,18,Portugal / Angola,eintracht frankfurt,€40.00m,34,7,0,1,4,0,Central Midfield,9,2021 - 2029,False,https://upload.wikimedia.org/wikipedia/commons/thumb/3/37/Mathys_tel.jpg/330px-Mathys_tel.jpg,left
153,Mathys Tel,20,England/Nigeria,tottenham hotspur,€40.00m,46,6,0,1,3,0,Centre Forward,1,2021 - 2029,False,https://upload.wikimedia.org/wikipedia/commons/thumb/e/e8/Magnes_Akliouche_dans_sa_voiture_%28cropped%29.jpg/330px-Magnes_Akliouche_dans_sa_voiture_%28cropped%29.jpg,right
155,João Gomes,23,Portugal / Angola,wolverhampton wanderers,€40.00m,42,6,0,10,3,0,Central Midfield,2,2025 - 2030,False,https://upload.wikimedia.org/wikipedia/commons/thumb/0/0f/ManCity20240722-027.jpg/330px-ManCity20240722-027.jpg,left
157,Ilya Zabarnyi,20,Uruguay/Spain,afc bournemouth,€40.00m,47,2,0,5,3,1,Centre Back,9,2025 - 2025,False,https://upload.wikimedia.org/wikipedia/commons/b/b1/Esteghlal_0_-_0_Al_Nassr%2C_round_of_16_of_the_AFC_Elite_League%2C_Azadi_Stadium%2C_3_March_2025%2C_Jhon_Dur%C3%A1n.jpg,left
158,Jhon Durán,22,France/England,al nasr riad,€40.00m,43,1,0,0,4,0,Centre Forward,3,2024 - 2029,False,https://upload.wikimedia.org/wikipedia/commons/thumb/f/fb/Rom%C3%A9o_Lavia_20042025_%281%29_cropped.jpg/330px-Rom%C3%A9o_Lavia_20042025_%281%29_cropped.jpg,left
159,Roméo Lavia,21,England/Nigeria,fc chelsea,€40.00m,44,21,0,0,9,0,Defensive Midfield,2,2022 - 2030,False,https://upload.wikimedia.org/wikipedia/commons/thumb/5/5a/Pape_Matar_Sarr.png/330px-Pape_Matar_Sarr.png,right
160,Pape Matar Sarr,21,Italy,tottenham hotspur,€40.00m,14,0,0,1,4,0,Central Midfield,4,2021 - 2025,False,https://upload.wikimedia.org/wikipedia/commons/thumb/a/aa/Edmond_Tapsoba%2C_2022-07-31%2C_Saisoner%C3%B6ffnung_Bayer_04%2C_Leverkusen_%281%29_%28cropped%29.jpg/330px-Edmond_Tapsoba%2C_2022-07-31%2C_Saisoner%C3%B6ffnung_Bayer_04%2C_Leverkusen_%281%29_%28cropped%29.jpg,left
161,Edmond Tapsoba,22,Uruguay/Spain,bayer 04 leverkusen,€40.00m,54,6,0,3,8,0,Centre Back,7,2020 - 2028,False,https://upload.wikimedia.org/wikipedia/commons/thumb/1/19/Manchester_United_v_BSC_Young_Boys%2C_8_December_2021_%2817%29_%28cropped%29.jpg/330px-Manchester_United_v_BSC_Young_Boys%2C_8_December_2021_%2817%29_%28cropped%29.jpg,left
163,Dani Vivian,22,Egypt / Canada,athletic bilbao,€40.00m,39,9,0,8,3,0,Centre Back,8,2024 - 2027,False,https://upload.wikimedia.org/wikipedia/commons/4/4f/Fulham_v_Chelsea_20042025_%287%29_%28Noni_Madueke%29.jpg,right
164,Noni Madueke,25,England/Ireland,fc chelsea,€40.00m,45,3,0,0,5,0,Right Winger,10,2020 - 2027,False,https://upload.wikimedia.org/wikipedia/commons/thumb/e/e2/2024_Emirates_Cup_-_Riccardo_Calafiori_%282%29_%28cropped%29.jpg/330px-2024_Emirates_Cup_-_Riccardo_Calafiori_%282%29_%28cropped%29.jpg,left
165,Riccardo Calafiori,23,Sweden/Eritrea,fc arsenal,€40.00m,41,11,0,7,4,0,Left Back,3,2025 - 2028,False,https://upload.wikimedia.org/wikipedia/commons/thumb/d/da/FC_Salzburg_gegen_FC_Bayern_M%C3%BCnchen_%28Championsleague_Achtelfinale_Hinspiel_16._Februar_2022%29_63.jpg/330px-FC_Salzburg_gegen_FC_Bayern_M%C3%BCnchen_%28Championsleague_Achtelfinale_Hinspiel_16._Februar_2022%29_63.jpg,right
166,Karim Adeyemi,22,Sweden/Eritrea,borussia dortmund,€40.00m,30,3,0,2,6,0,Right Winger,8,2020 - 2027,False,https://upload.wikimedia.org/wikipedia/commons/thumb/b/b0/Conor_Gallagher_2024_%28cropped%29.jpg/330px-Conor_Gallagher_2024_%28cropped%29.jpg,right
168,Nico González,25,France / Cameroon,manchester city,€40.00m,45,5,0,5,4,0,Central Midfield,7,2023 - 2028,False,https://upload.wikimedia.org/wikipedia/commons/thumb/0/06/RC_Lens_-_OGC_Nice_%2810-04-2022%29_6_%28cropped%29.jpg/330px-RC_Lens_-_OGC_Nice_%2810-04-2022%29_6_%28cropped%29.jpg,left
170,Andrea Cambiaso,24,Germany/England,juventus turin,€40.00m,44,4,0,6,4,0,Left Back,9,2022 - 2030,False,https://upload.wikimedia.org/wikipedia/commons/thumb/b/be/Takefusa_Kubo_2019.png/330px-Takefusa_Kubo_2019.png,right
171,Takefusa Kubo,25,France,real sociedad san sebastian,€40.00m,45,4,0,3,5,0,Right Winger,5,2023 - 2025,False,https://upload.wikimedia.org/wikipedia/commons/thumb/6/6f/Exequiel_Palacios%2C_2022-07-31%2C_Saisoner%C3%B6ffnung_Bayer_04%2C_Leverkusen_%281%29.jpg/330px-Exequiel_Palacios%2C_2022-07-31%2C_Saisoner%C3%B6ffnung_Bayer_04%2C_Leverkusen_%281%29.jpg,right
172,Exequiel Palacios,23,Brazil,bayer 04 leverkusen,€40.00m,47,7,0,4,6,0,Central Midfield,8,2024 - 2030,False,https://upload.wikimedia.org/wikipedia/commons/thumb/3/38/Eder_Militao_2021.jpg/330px-Eder_Militao_2021.jpg,right
173,Éder Militão,26,Sweden / Hungary,real madrid,€40.00m,35,1,0,6,1,0,Centre Back,9,2023 - 2026,False,https://upload.wikimedia.org/wikipedia/commons/thumb/8/85/Pau_Torres_2023.jpg/330px-Pau_Torres_2023.jpg,left
174,Pau Torres,27,England/Ireland,aston villa,€40.00m,17,1,0,1,4,0,Centre Back,0,2025 - 2029,False,https://upload.wikimedia.org/wikipedia/commons/thumb/b/ba/2023-08-12_TSV_Schott_Mainz_gegen_Borussia_Dortmund_%28DFB-Pokal_2023-24%29_by_Sandro_Halank%E2%80%93069.jpg/330px-2023-08-12_TSV_Schott_Mainz_gegen_Borussia_Dortmund_%28DFB-Pokal_2023-24%29_by_Sandro_Halank%E2%80%93069.jpg,right
175,Nico Schlotterbeck,28,Spain / Ghana,borussia dortmund,€40.00m,30,0,0,2,2,0,Centre Back,4,2023 - 2030,False,https://upload.wikimedia.org/wikipedia/commons/thumb/0/0b/FC_Zenit_Saint_Petersburg_vs._Juventus%2C_20_October_2021_64_-_Moise_Kean_%28cropped%29.jpg/330px-FC_Zenit_Saint_Petersburg_vs._Juventus%2C_20_October_2021_64_-_Moise_Kean_%28cropped%29.jpg,left
176,Moise Kean,25,France/Cameroon,ac florenz,€40.00m,43,0,0,7,10,1,Centre Forward,1,2024 - 2029,False,https://upload.wikimedia.org/wikipedia/commons/thumb/8/87/20180610_FIFA_Friendly_Match_Austria_vs._Brazil_Gabriel_Jesus_850_1688.jpg/330px-20180610_FIFA_Friendly_Match_Austria_vs._Brazil_Gabriel_Jesus_850_1688.jpg,left
177,Gabriel Jesus,25,Colombia,fc arsenal,€40.00m,46,26,0,3,9,0,Centre Forward,4,2023 - 2030,False,https://upload.wikimedia.org/wikipedia/commons/thumb/6/61/Teun_Koopmeiners_Manchester_United_v_Atalanta_BC%2C_20_October_2021_%2812%29_%28cropped%29.jpg/330px-Teun_Koopmeiners_Manchester_United_v_Atalanta_BC%2C_20_October_2021_%2812%29_%28cropped%29.jpg,left
178,Teun Koopmeiners,28,Argentina/Italy,juventus turin,€40.00m,27,7,0,2,4,0,Attacking Midfield,5,2020 - 2026,False,https://upload.wikimedia.org/wikipedia/commons/thumb/9/9d/Robin_Le_Normand_2122.jpg/330px-Robin_Le_Normand_2122.jpg,right
179,Robin Le Normand,27,England,atletico madrid,€40.00m,44,5,0,3,5,0,Centre Back,10,2022 - 2027,False,https://upload.wikimedia.org/wikipedia/commons/thumb/3/39/FC_Salzburg_vs._AC_Mailand_%28UEFA_Championsleague_2022-09-06%29_Th%C3%A9o_Hernandez.jpg/330px-FC_Salzburg_vs._AC_Mailand_%28UEFA_Championsleague_2022-09-06%29_Th%C3%A9o_Hernandez.jpg,right
180,Theo Hernández,28,Argentina/Italy,ac mailand,€40.00m,37,0,0,0,13,0,Left Back,6,2025 - 2030,False,https://upload.wikimedia.org/wikipedia/commons/thumb/5/5f/Joelinton_%28cropped%29.jpg/330px-Joelinton_%28cropped%29.jpg,right
181,Joelinton,27,Croatia,newcastle united,€40.00m,50,5,0,7,7,1,Central Midfield,1,2020 - 2028,False,https://upload.wikimedia.org/wikipedia/commons/c/c9/2022-07-30_Fu%C3%9Fball%2C_M%C3%A4nner%2C_DFL-Supercup%2C_RB_Leipzig_-_FC_Bayern_M%C3%BCnchen_Matthijs_de_Ligt_%28cropped%29.jpg,right
182,Matthijs de Ligt,28,Georgia,manchester united,€40.00m,37,4,0,3,12,0,Centre Back,5,2020 - 2027,False,https://upload.wikimedia.org/wikipedia/commons/thumb/3/3f/Scott_McTominay_2021.jpg/330px-Scott_McTominay_2021.jpg,right
183,Scott McTominay,25,Brazil/Spain,ssc neapel,€40.00m,46,2,0,0,6,0,Central Midfield,3,2020 - 2026,False,https://upload.wikimedia.org/wikipedia/commons/thumb/4/41/Serhou_Guirassy_2.jpg/330px-Serhou_Guirassy_2.jpg,right
184,Serhou Guirassy,28,Georgia,borussia dortmund,€40.00m,43,15,0,4,4,0,Centre Forward,9,2020 - 2029,False,https://upload.wikimedia.org/wikipedia/commons/thumb/9/90/RC_Lens_-_Arsenal_FC_%2803-10-2023%29_21_%28cropped%29.jpg/330px-RC_Lens_-_Arsenal_FC_%2803-10-2023%29_21_%28cropped%29.jpg,left
185,David Raya,29,England,fc arsenal,€40.00m,46,36,0,9,7,0,Goalkeeper,6,2025 - 2026,False,https://upload.wikimedia.org/wikipedia/commons/thumb/3/30/2023-08-12_TSV_Schott_Mainz_gegen_Borussia_Dortmund_%28DFB-Pokal_2023-24%29_by_Sandro_Halank%E2%80%93090.jpg/330px-2023-08-12_TSV_Schott_Mainz_gegen_Borussia_Dortmund_%28DFB-Pokal_2023-24%29_by_Sandro_Halank%E2%80%93090.jpg,left
186,Gregor Kobel,29,France/England,borussia dortmund,€40.00m,55,0,0,0,5,0,Goalkeeper,8,2025 - 2028,False,https://upload.wikimedia.org/wikipedia/commons/thumb/3/36/Jo%C3%A3o_Palhinha_2019.jpg/330px-Jo%C3%A3o_Palhinha_2019.jpg,right
187,João Palhinha,27,England,fc bayern munchen,€40.00m,50,0,0,0,1,0,Defensive Midfield,7,2025 - 2029,False,https://upload.wikimedia.org/wikipedia/commons/thumb/7/7f/Alex_Grimaldo_2020.png/330px-Alex_Grimaldo_2020.png,right
188,Alejandro Grimaldo,29,Sweden / Hungary,bayer 04 leverkusen,€40.00m,24,0,0,0,3,0,Left Back,7,2022 - 2029,False,https://upload.wikimedia.org/wikipedia/commons/thumb/d/dc/FC_Salzburg_gegen_Paris_Saint-Germain_UEFA_Champions_League_49_%28cropped%29.jpg/330px-FC_Salzburg_gegen_Paris_Saint-Germain_UEFA_Champions_League_49_%28cropped%29.jpg,right
189,Marquinhos,29,Spain/Equatorial Guinea,fc paris saint germain,€40.00m,49,4,0,12,4,1,Centre Back,0,2023 - 2026,False,https://upload.wikimedia.org/wikipedia/commons/thumb/3/39/Douglas_Luiz_2021.jpg/330px-Douglas_Luiz_2021.jpg,left
190,Douglas Luiz,30,England,juventus turin,€40.00m,38,2,0,0,7,0,Central Midfield,2,2022 - 2027,False,https://upload.wikimedia.org/wikipedia/commons/thumb/4/4c/Angelo_Stiller_2023.jpg/330px-Angelo_Stiller_2023.jpg,right
191,Angelo Stiller,26,France / Togo,vfb stuttgart,€38.00m,23,0,0,0,2,0,Defensive Midfield,0,2025 - 2025,False,https://upload.wikimedia.org/wikipedia/commons/thumb/c/c0/Charles_De_Ketelaere_2022_Salzburg_vs_AC_Milan_2022-09-06.jpg/330px-Charles_De_Ketelaere_2022_Salzburg_vs_AC_Milan_2022-09-06.jpg,left
192,Charles De Ketelaere,24,England/Nigeria,atalanta bergamo,€38.00m,48,4,1,9,8,0,Attacking Midfield,1,2024 - 2029,False,https://upload.wikimedia.org/wikipedia/commons/thumb/d/df/Lens_-_Marseille_%2822-01-2022%29_17.jpg/330px-Lens_-_Marseille_%2822-01-2022%29_17.jpg,right
193,Boubacar Kamara,24,England,aston villa,€38.00m,51,11,0,11,2,0,Defensive Midfield,5,2022 - 2025,False,https://upload.wikimedia.org/wikipedia/commons/f/ff/Diogo_Costa_in_2023.jpg,right
194,Diogo Costa,25,France/England,fc porto,€38.00m,38,0,0,0,5,0,Goalkeeper,7,2023 - 2026,False,https://upload.wikimedia.org/wikipedia/commons/thumb/b/bf/FC_Red_Bull_Salzburg_gegen_Bayern_M%C3%BCnchen_%282025-01-06_Testspiel%29_22.jpg/330px-FC_Red_Bull_Salzburg_gegen_Bayern_M%C3%BCnchen_%282025-01-06_Testspiel%29_22.jpg,right
195,Leroy Sané,25,England,fc bayern munchen,€38.00m,48,0,0,0,0,0,Right Winger,3,2022 - 2028,False,https://upload.wikimedia.org/wikipedia/commons/thumb/e/e7/Santiago_Gim%C3%A9nez_-_2023.jpg/330px-Santiago_Gim%C3%A9nez_-_2023.jpg,left
196,Santiago Gimenez,29,France,ac mailand,€38.00m,46,13,0,5,4,0,Centre Forward,6,2022 - 2027,False,https://upload.wikimedia.org/wikipedia/commons/thumb/1/1c/GAE_-_Ajax_-_52788521318_%28cropped%29.jpg/330px-GAE_-_Ajax_-_52788521318_%28cropped%29.jpg,right
201,Santiago Castro,19,Germany/England,fc bologna,€35.00m,46,0,1,0,2,0,Centre Forward,8,2023 - 2025,False,https://upload.wikimedia.org/wikipedia/commons/thumb/7/76/Lens_-_Torino_FC_%2802-08-2023%29_58.jpg/330px-Lens_-_Torino_FC_%2802-08-2023%29_58.jpg,right
204,Adam Wharton,23,Sweden / Hungary,crystal palace,€35.00m,42,0,0,3,12,0,Defensive Midfield,7,2021 - 2030,False,https://upload.wikimedia.org/wikipedia/commons/thumb/e/e5/Milot_Kerkez_%28cropped%29.png/330px-Milot_Kerkez_%28cropped%29.png,left
206,Evanilson,21,England,afc bournemouth,€35.00m,41,2,0,6,6,0,Centre Forward,1,2024 - 2030,False,https://upload.wikimedia.org/wikipedia/commons/thumb/1/11/Kouadio_Manu_Kon%C3%A9_%282019-08-31%29_%28cropped%29.jpg/330px-Kouadio_Manu_Kon%C3%A9_%282019-08-31%29_%28cropped%29.jpg,left
207,Manu Koné,25,Norway,as rom,€35.00m,31,11,0,5,1,0,Central Midfield,10,2021 - 2025,False,https://upload.wikimedia.org/wikipedia/commons/thumb/8/80/Olympique_lyonnais_-_ES_Troyes_AC_L1_19-08-2022_-_Malo_Gusto.jpg/330px-Olympique_lyonnais_-_ES_Troyes_AC_L1_19-08-2022_-_Malo_Gusto.jpg,right
208,Malo Gusto,23,England,fc chelsea,€35.00m,48,2,0,3,11,0,Right Back,5,2023 - 2030,False,https://upload.wikimedia.org/wikipedia/commons/thumb/d/d9/Wolves_v_Town%2C_Dec_2024_%2818%29.jpg/330px-Wolves_v_Town%2C_Dec_2024_%2818%29.jpg,right
209,Liam Delap,21,Egypt / Canada,ipswich town,€35.00m,35,0,0,2,4,0,Centre Forward,8,2025 - 2027,False,https://upload.wikimedia.org/wikipedia/commons/thumb/4/43/Cherki_asse_ol_2425.png/330px-Cherki_asse_ol_2425.png,right
210,Rayan Cherki,22,Italy,olympique lyon,€35.00m,41,13,0,2,15,0,Right Winger,2,2023 - 2026,False,https://upload.wikimedia.org/wikipedia/commons/c/cb/Matheus_Nunes_%28cropped%29.jpg,left
211,Matheus Nunes,21,France/Cameroon,manchester city,€35.00m,44,14,0,22,6,0,Central Midfield,6,2023 - 2025,False,https://upload.wikimedia.org/wikipedia/commons/thumb/8/8b/Antoine_Semenyo_2023.jpg/330px-Antoine_Semenyo_2023.jpg,left
212,Antoine Semenyo,26,Italy,afc bournemouth,€35.00m,36,4,0,9,7,0,Left Midfield,5,2024 - 2025,False,https://upload.wikimedia.org/wikipedia/commons/thumb/8/8f/Anthony_Elanga_%28Sweden_vs_Moldova%2C_12_October_2023%29.jpg/330px-Anthony_Elanga_%28Sweden_vs_Moldova%2C_12_October_2023%29.jpg,left
213,Anthony Elanga,25,France / Togo,nottingham forest,€35.00m,42,11,0,6,11,0,Right Winger,8,2025 - 2027,False,https://upload.wikimedia.org/wikipedia/commons/thumb/4/43/Rayan_A%C3%AFt-Nouri.png/330px-Rayan_A%C3%AFt-Nouri.png,right
215,Giorgio Scalvini,23,England/Nigeria,atalanta bergamo,€35.00m,40,5,0,7,7,1,Centre Back,9,2023 - 2025,False,https://upload.wikimedia.org/wikipedia/commons/thumb/2/20/Enzo_millot.jpg/330px-Enzo_millot.jpg,left
216,Enzo Millot,21,Egypt / Canada,vfb stuttgart,€35.00m,8,0,0,0,3,0,Attacking Midfield,7,2020 - 2030,False,https://upload.wikimedia.org/wikipedia/commons/thumb/a/ad/Harvey_Elliott_in_2022.jpg/330px-Harvey_Elliott_in_2022.jpg,left
217,Harvey Elliott,22,Spain,fc liverpool,€35.00m,42,9,0,7,10,0,Central Midfield,10,2025 - 2029,False,https://upload.wikimedia.org/wikipedia/commons/thumb/2/25/Johan_Bakayoko_%282024%29.jpg/330px-Johan_Bakayoko_%282024%29.jpg,right
218,Johan Bakayoko,22,Argentina,psv eindhoven,€35.00m,26,5,0,2,4,0,Right Winger,4,2023 - 2026,False,https://upload.wikimedia.org/wikipedia/commons/thumb/1/14/Mason_Greenwood_%28cropped%29.jpeg/330px-Mason_Greenwood_%28cropped%29.jpeg,left
220,Tino Livramento,23,Argentina,newcastle united,€35.00m,33,19,0,5,2,0,Right Back,6,2025 - 2029,False,https://upload.wikimedia.org/wikipedia/commons/thumb/d/dc/Lucas_Paquet%C3%A1_of_West_Ham.jpeg/330px-Lucas_Paquet%C3%A1_of_West_Ham.jpeg,right
221,Lucas Paquetá,22,Croatia,west ham united,€35.00m,42,0,0,1,3,0,Attacking Midfield,3,2020 - 2026,False,https://upload.wikimedia.org/wikipedia/commons/thumb/e/e2/Joshua_Zirkzee_2019.jpg/330px-Joshua_Zirkzee_2019.jpg,right
